"","Estimate","Std. Error","t value","Pr(>|t|)"
"end_0",-112579455.616008,888614529.084594,-0.12669099134805,0.899388540798953
