"avg_actual","avg_predicted","difference"
873616.296972571,857400.993469168,16215.3035034029
